Designator,Val,Package,Mid X,Mid Y,Rotation,Layer
C1,47uF,C+AF8-1206+AF8-3216Metric,154,+AC0-99.8,180,top
C2,47uF,C+AF8-1206+AF8-3216Metric,154,+AC0-102.1,180,top
C3,0.1uF,CP+AF8-EIA+AC0-3216+AC0-18+AF8-Kemet+AC0-A,137.3,+AC0-95.7,90,top
C4,0.1uF,CP+AF8-EIA+AC0-3216+AC0-18+AF8-Kemet+AC0-A,121.5,+AC0-102.5,180,top
R1,33K,C+AF8-0805+AF8-2012Metric,125.428,+AC0-86.71,0,top
R2,12K,C+AF8-0805+AF8-2012Metric,129.628,+AC0-86.71,0,top
R3,2.2K,C+AF8-0805+AF8-2012Metric,143.2,+AC0-102.71,+AC0-90,top
R4,2.2K,C+AF8-0805+AF8-2012Metric,143.2,+AC0-99.06,90,top
R5,27R,C+AF8-0805+AF8-2012Metric,122.7,+AC0-106,90,top
U1,TLV2371DBV,SOT+AC0-23+AC0-5,127.678,+AC0-90.46,90,top
U2,INA217AIDWR,DW16,130.1,+AC0-100.9,180,top
